GENDER,AGE,SMOKING,YELLOW FINGERS,ANXIETY,PEER PRESSURE,CHRONIC DISEASE,FATIGUE,ALLERGY,WHEEZING,ALCOHOL CONSUMPTION,COUGHING,SHORTNESS OF BREATH,SWALLOWING DIFFICULTY,CHEST PAIN,DETECTION RESULT
1,10,1,1,1,1,1,1,1,1,1,1,1,1,1,This Person has a very high chance of having Lung Cancer
1,20,1,1,1,1,1,1,1,1,1,1,1,1,1,This Person has a very high chance of having Lung Cancer
1,30,1,1,1,1,1,1,1,1,1,1,1,1,1,This Person has a very high chance of having Lung Cancer
1,40,1,1,1,1,1,1,1,1,1,1,1,1,1,This Person has a very high chance of having Lung Cancer
1,50,1,1,1,1,1,1,1,1,1,1,1,1,1,This Person has a very high chance of having Lung Cancer
1,60,1,1,1,1,1,1,1,1,1,1,1,1,1,This Person has a very high chance of having Lung Cancer
1,70,1,1,1,1,1,1,1,1,1,1,1,1,1,This Person has a very high chance of having Lung Cancer
1,80,1,1,1,1,1,1,1,1,1,1,1,1,1,This Person has a very high chance of having Lung Cancer
1,90,1,1,1,1,1,1,1,1,1,1,1,1,1,This Person has a very high chance of having Lung Cancer
1,100,1,1,1,1,1,1,1,1,1,1,1,1,1,This Person has a very high chance of having Lung Cancer
0,10,1,1,1,1,1,1,1,1,1,1,1,1,1,This Person has a very high chance of having Lung Cancer
0,20,1,1,1,1,1,1,1,1,1,1,1,1,1,This Person has a very high chance of having Lung Cancer
0,30,1,1,1,1,1,1,1,1,1,1,1,1,1,This Person has a very high chance of having Lung Cancer
0,40,1,1,1,1,1,1,1,1,1,1,1,1,1,This Person has a very high chance of having Lung Cancer
0,50,1,1,1,1,1,1,1,1,1,1,1,1,1,This Person has a very high chance of having Lung Cancer
0,60,1,1,1,1,1,1,1,1,1,1,1,1,1,This Person has a very high chance of having Lung Cancer
0,70,1,1,1,1,1,1,1,1,1,1,1,1,1,This Person has a very high chance of having Lung Cancer
0,80,1,1,1,1,1,1,1,1,1,1,1,1,1,This Person has a very high chance of having Lung Cancer
0,90,1,1,1,1,1,1,1,1,1,1,1,1,1,This Person has a very high chance of having Lung Cancer
0,100,1,1,1,1,1,1,1,1,1,1,1,1,1,This Person has a very high chance of having Lung Cancer
1,10,0,0,0,0,0,0,0,0,0,0,0,0,0,This Person have no symptoms of Lung Cancer
1,20,0,0,0,0,0,0,0,0,0,0,0,0,0,This Person have no symptoms of Lung Cancer
1,30,0,0,0,0,0,0,0,0,0,0,0,0,0,This Person have no symptoms of Lung Cancer
1,40,0,0,0,0,0,0,0,0,0,0,0,0,0,This Person have no symptoms of Lung Cancer
1,50,0,0,0,0,0,0,0,0,0,0,0,0,0,This Person have no symptoms of Lung Cancer
1,60,0,0,0,0,0,0,0,0,0,0,0,0,0,This Person have no symptoms of Lung Cancer
1,70,0,0,0,0,0,0,0,0,0,0,0,0,0,This Person have no symptoms of Lung Cancer
1,80,0,0,0,0,0,0,0,0,0,0,0,0,0,This Person have no symptoms of Lung Cancer
1,90,0,0,0,0,0,0,0,0,0,0,0,0,0,This Person have no symptoms of Lung Cancer
1,100,0,0,0,0,0,0,0,0,0,0,0,0,0,This Person have no symptoms of Lung Cancer
0,10,0,0,0,0,0,0,0,0,0,0,0,0,0,This Person have no symptoms of Lung Cancer
0,20,0,0,0,0,0,0,0,0,0,0,0,0,0,This Person have no symptoms of Lung Cancer
0,30,0,0,0,0,0,0,0,0,0,0,0,0,0,This Person have no symptoms of Lung Cancer
0,40,0,0,0,0,0,0,0,0,0,0,0,0,0,This Person have no symptoms of Lung Cancer
0,50,0,0,0,0,0,0,0,0,0,0,0,0,0,This Person have no symptoms of Lung Cancer
0,60,0,0,0,0,0,0,0,0,0,0,0,0,0,This Person have no symptoms of Lung Cancer
0,70,0,0,0,0,0,0,0,0,0,0,0,0,0,This Person have no symptoms of Lung Cancer
0,80,0,0,0,0,0,0,0,0,0,0,0,0,0,This Person have no symptoms of Lung Cancer
0,90,0,0,0,0,0,0,0,0,0,0,0,0,0,This Person have no symptoms of Lung Cancer
0,100,0,0,0,0,0,0,0,0,0,0,0,0,0,This Person have no symptoms of Lung Cancer
1,10,1,0,0,1,0,0,1,0,1,0,1,0,0,The Probability of this person having lung cancer is very Low
1,20,0,1,0,1,0,1,0,1,0,1,0,1,1,The Probability of this person having lung cancer is very Low
1,30,1,0,0,1,0,0,1,0,1,0,1,0,0,The Probability of this person having lung cancer is very Low
1,40,0,1,0,1,0,1,0,1,0,1,0,1,1,The Probability of this person having lung cancer is very Low
1,50,1,0,1,1,0,0,1,0,1,0,1,0,0,The Probability of this person having lung cancer is very Low
1,60,0,1,0,1,0,1,0,1,0,1,0,1,1,The Probability of this person having lung cancer is very Low
1,70,1,0,1,1,0,0,1,0,1,0,1,0,0,The Probability of this person having lung cancer is very Low
1,80,0,1,0,1,0,1,0,1,0,1,0,1,1,The Probability of this person having lung cancer is very Low
1,90,1,0,1,1,0,0,1,0,1,0,1,0,0,The Probability of this person having lung cancer is very Low
1,100,0,1,0,1,0,1,0,1,0,1,0,1,1,The Probability of this person having lung cancer is very Low
0,10,1,0,1,1,0,0,1,0,1,0,1,0,0,The Probability of this person having lung cancer is very Low
0,20,0,1,0,1,0,1,0,1,0,1,0,1,1,The Probability of this person having lung cancer is very Low
0,30,1,0,0,1,0,0,1,0,1,0,1,0,0,The Probability of this person having lung cancer is very Low
0,40,0,1,1,1,0,1,0,1,0,1,0,1,1,The Probability of this person having lung cancer is very Low
0,50,1,0,0,1,0,0,1,0,1,0,1,0,0,The Probability of this person having lung cancer is very Low
0,60,0,1,0,1,0,1,0,1,0,1,0,1,1,The Probability of this person having lung cancer is very Low
0,70,1,0,1,1,0,0,1,0,1,0,1,0,0,The Probability of this person having lung cancer is very Low
0,80,0,1,0,1,0,1,0,1,0,1,0,1,1,The Probability of this person having lung cancer is very Low
0,90,1,0,0,1,0,0,1,0,1,0,1,0,0,The Probability of this person having lung cancer is very Low
0,100,0,1,1,1,0,1,0,1,0,1,0,1,1,The Probability of this person having lung cancer is very Low
1,10,0,1,1,0,1,1,0,1,0,1,0,1,1,The Probability of this person having lung cancer is very Low
1,20,1,0,0,0,1,0,0,1,0,1,1,0,1,The Probability of this person having lung cancer is very Low
1,30,0,0,0,0,1,0,1,0,0,0,1,0,0,The Probability of this person having lung cancer is very Low
1,40,1,1,1,1,0,1,0,0,0,0,1,0,0,The Probability of this person having lung cancer is very Low
1,50,0,1,0,0,1,0,1,1,1,1,0,1,1,The Probability of this person having lung cancer is very Low
1,60,1,0,1,1,0,1,0,1,0,0,1,0,0,The Probability of this person having lung cancer is very Low
1,70,0,1,0,0,1,1,1,0,1,1,0,1,1,The Probability of this person having lung cancer is very Low
1,80,1,0,0,1,1,0,0,1,0,0,1,1,0,The Probability of this person having lung cancer is very Low
1,90,0,1,1,0,1,1,1,0,0,1,1,0,1,The Probability of this person having lung cancer is very Low
1,100,1,0,1,1,0,0,0,1,1,0,1,1,0,The Probability of this person having lung cancer is very Low
0,10,0,0,0,1,1,1,1,0,1,1,0,0,1,The Probability of this person having lung cancer is very Low
0,20,1,1,1,0,1,1,0,0,0,1,1,1,1,The Probability of this person having lung cancer is very Low
0,30,0,0,0,1,0,0,1,1,1,0,1,1,0,The Probability of this person having lung cancer is very Low
0,40,1,1,1,0,1,0,0,0,0,1,0,0,1,The Probability of this person having lung cancer is very Low
0,50,0,1,0,1,1,1,1,1,1,0,1,0,0,The Probability of this person having lung cancer is very Low
0,60,1,0,1,0,1,0,0,1,0,1,1,1,1,The Probability of this person having lung cancer is very Low
0,70,0,1,0,1,0,1,1,0,1,0,1,0,0,The Probability of this person having lung cancer is very Low
0,80,1,0,1,1,1,0,0,1,0,1,0,1,1,The Probability of this person having lung cancer is very Low
0,90,0,1,0,0,0,1,1,0,1,1,1,0,1,The Probability of this person having lung cancer is very Low
0,100,1,0,1,1,1,1,0,1,0,0,0,1,0,The Probability of this person having lung cancer is very Low
1,10,1,1,1,1,1,1,1,0,0,0,0,0,0,This Person has a very high chance of having Lung Cancer
1,20,1,1,1,1,1,1,1,0,0,0,0,0,0,This Person has a very high chance of having Lung Cancer
1,30,1,1,1,1,1,1,1,0,0,0,0,0,0,This Person has a very high chance of having Lung Cancer
1,40,1,1,1,1,1,1,1,0,0,0,0,0,0,This Person has a very high chance of having Lung Cancer
1,50,1,1,1,1,1,1,1,0,0,0,0,0,0,This Person has a very high chance of having Lung Cancer
1,60,1,1,1,1,1,1,1,0,0,0,0,0,0,This Person has a very high chance of having Lung Cancer
1,70,1,1,1,1,1,1,1,0,0,0,0,0,0,This Person has a very high chance of having Lung Cancer
1,80,1,1,1,1,1,1,1,0,0,0,0,0,0,This Person has a very high chance of having Lung Cancer
1,90,1,1,1,1,1,1,1,0,0,0,0,0,0,This Person has a very high chance of having Lung Cancer
1,100,1,1,1,1,1,1,1,0,0,0,0,0,0,This Person has a very high chance of having Lung Cancer
0,10,1,1,1,1,1,1,1,0,0,0,0,0,0,This Person has a very high chance of having Lung Cancer
0,20,1,1,1,1,1,1,1,0,0,0,0,0,0,This Person has a very high chance of having Lung Cancer
0,30,1,1,1,1,1,1,1,0,0,0,0,0,0,This Person has a very high chance of having Lung Cancer
0,40,1,1,1,1,1,1,1,0,0,0,0,0,0,This Person has a very high chance of having Lung Cancer
0,50,1,1,1,1,1,1,1,0,0,0,0,0,0,This Person has a very high chance of having Lung Cancer
0,60,1,1,1,1,1,1,1,0,0,0,0,0,0,This Person has a very high chance of having Lung Cancer
0,70,1,1,1,1,1,1,1,0,0,0,0,0,0,This Person has a very high chance of having Lung Cancer
0,80,1,1,1,1,1,1,1,0,0,0,0,0,0,This Person has a very high chance of having Lung Cancer
0,90,1,1,1,1,1,1,1,0,0,0,0,0,0,This Person has a very high chance of having Lung Cancer
0,100,1,1,1,1,1,1,1,0,0,0,0,0,0,This Person has a very high chance of having Lung Cancer
1,10,0,0,0,0,0,0,0,1,1,1,1,1,1,This Person has a very high chance of having Lung Cancer
1,20,0,0,0,0,0,0,0,1,1,1,1,1,1,This Person has a very high chance of having Lung Cancer
1,30,0,0,0,0,0,0,0,1,1,1,1,1,1,This Person has a very high chance of having Lung Cancer
1,40,0,0,0,0,0,0,0,1,1,1,1,1,1,This Person has a very high chance of having Lung Cancer
1,50,0,0,0,0,0,0,0,1,1,1,1,1,1,This Person has a very high chance of having Lung Cancer
1,60,0,0,0,0,0,0,0,1,1,1,1,1,1,This Person has a very high chance of having Lung Cancer
1,70,0,0,0,0,0,0,0,1,1,1,1,1,1,This Person has a very high chance of having Lung Cancer
1,80,0,0,0,0,0,0,0,1,1,1,1,1,1,This Person has a very high chance of having Lung Cancer
1,90,0,0,0,0,0,0,0,1,1,1,1,1,1,This Person has a very high chance of having Lung Cancer
1,100,0,0,0,0,0,0,0,1,1,1,1,1,1,This Person has a very high chance of having Lung Cancer
0,10,0,0,0,0,0,0,0,1,1,1,1,1,1,This Person has a very high chance of having Lung Cancer
0,20,0,0,0,0,0,0,0,1,1,1,1,1,1,This Person has a very high chance of having Lung Cancer
0,30,0,0,0,0,0,0,0,1,1,1,1,1,1,This Person has a very high chance of having Lung Cancer
0,40,0,0,0,0,0,0,0,1,1,1,1,1,1,This Person has a very high chance of having Lung Cancer
0,50,0,0,0,0,0,0,0,1,1,1,1,1,1,This Person has a very high chance of having Lung Cancer
0,60,0,0,0,0,0,0,0,1,1,1,1,1,1,This Person has a very high chance of having Lung Cancer
0,70,0,0,0,0,0,0,0,1,1,1,1,1,1,This Person has a very high chance of having Lung Cancer
0,80,0,0,0,0,0,0,0,1,1,1,1,1,1,This Person has a very high chance of having Lung Cancer
0,90,0,0,0,0,0,0,0,1,1,1,1,1,1,This Person has a very high chance of having Lung Cancer
0,100,0,0,0,0,0,0,0,1,1,1,1,1,1,This Person has a very high chance of having Lung Cancer
